{"type": "monitor", "data": {"timestamp": 1750169747.9376173, "cpu_percent": 16.2, "memory_mb": 32.140625, "network_io": [19872157, 61300306, 122129, 196531, 0, 0, 0, 0], "disk_io": [1137374, 1888617, 39551590400, 39316812800, 1515, 1067], "elapsed_time": 1.0189802646636963}}
{"type": "request", "data": {"title": "PID-3892-TID-12528 \u5f00\u542f\u8bf7\u6c42\u8bc6\u522b"}}
{"type": "request", "data": {"title": "PID-3892-TID-12528 \u5f00\u542f\u8bf7\u6c42\u8bc6\u522b"}}
{"type": "request", "data": {"title": "PID-3892-TID-12528 \u5f02\u6b65\u8bf7\u6c42\u7ed3\u679c", "content": {"result": true, "time_span": 0.222, "status": 200, "data": {"detected_boxes": [[150, 180, 320, 220]], "imageID": "car_002.jpg", "plate_numbers": ["\u6caaB98765"]}}}}
{"type": "request", "data": {"title": "PID-3892-TID-12528 \u5f02\u6b65\u8bf7\u6c42\u7ed3\u679c", "content": {"result": true, "time_span": 0.481, "status": 200, "data": {"detected_boxes": [[100, 200, 300, 250]], "imageID": "car_001.jpg", "plate_numbers": ["\u4eacA12345"]}}}}
{"type": "request", "data": {"title": "PID-3892-TID-12528 \u5f02\u6b65\u8bf7\u6c42\u7ed3\u679c", "content": {"result": true, "time_span": 0.612, "status": 200, "data": {"detected_boxes": [[80, 150, 280, 200]], "imageID": "car_003.jpg", "plate_numbers": ["\u7ca4Z54321"]}}}}
{"type": "request", "data": {"title": "PID-3892-TID-12528 \u9000\u51fa\u7ebf\u7a0b"}}
{"type": "summary", "data": {"resource_usage": {"avg_cpu": 16.2, "max_cpu": 16.2, "avg_memory": 32.140625, "max_memory": 32.140625, "network_bytes_sent": 0, "disk_bytes_read": 0, "total_time": 7.6591637134552, "monitor_interval": 1}, "performance": {"success_rate": 100.0, "avg_time": 0.4383333333333333, "min_time": 0.222, "max_time": 0.612, "throughput": 0.39168767142681177, "algorithm_metrics": {"precision": 0.6666666666666666, "recall": 0.6666666666666666, "f1_score": 0.6666666666666666, "avg_iou": 1.0, "true_positives": 2, "false_positives": 1, "false_negatives": 1}}, "request_stats": {"total_requests": 3, "success_requests": 3, "failed_requests": 0, "request_times": [0.222, 0.481, 0.612]}}}
